{
  "color-groups": {
  "explanation":       "Colors are grouped by background. Unspecified values default to group 1. Specifying color roles are optional.",
    "1": {
      "background":    "#dedede",
      "text":          "#545555",
      "text-title":    "#545555",
      "link":          "#080200",
      "link-visited":  "#080200",
      "accent-1":      "#080200",
      "accent-2":      "#080200",
      "accent-3":      "#080200"
    },
    "2": {
      "background":    "#dedede",
      "text":          "#545555",
      "text-title":    "#545555",
      "link":          "#080200",
      "link-visited":  "#080200",
      "accent-1":      "#080200",
      "accent-2":      "#080200",
      "accent-3":      "#080200"
    },
    "3": {
      "background":    "#dedede",
      "text":          "#545555",
      "text-title":    "#545555",
      "link":          "#080200",
      "link-visited":  "#080200",
      "accent-1":      "#080200"
    },
    "4": {
      "background":    "#dedede",
      "text":          "#545555",
      "text-title":    "#545555",
      "link":          "#080200",
      "link-visited":  "#080200",
      "accent-1":      "#080200"
    }
  },
  "display-name":      "Light Theme",
  "description":       "The official light theme supported by Scientific Toolworks, Inc.",
  "editor": {
    "explanation":     "Editor descriptions can be found at scintilla.org",
    "caret": {
      "background":    "#e9e9e9"
    },
    "comment": {
      "foreground":    "#0000ff",
      "italic":         true
    },
    "deadcode": {
      "background":    "#C0C0C0"
    },
    "doc-comment": {
      "foreground":    "#993300",
      "italic":         true
    },
    "doc-keyword": {
      "bold":           true,
      "foreground":    "#663300",
      "italic":         true
    },
    "double-quoted-string": {
      "foreground":    "#cc0000"
    },
    "error": {
      "background":    "#ff0000",
      "eol-filled":     true,
      "foreground":    "#ffff00"
    },
    "find": {
      "background":    "#ff0000"
    },
    "fold-margin": {
      "background":    "#c0c0c0"
    },
    "identifier": {

    },
    "inactive": {
      "background":    "#ffdddd",
      "eol-filled":     true
    },
    "keyword": {
      "bold":           true,
      "foreground":    "#000080"
    },
    "label": {
      "foreground":    "#800000"
    },
    "language-ada": {
      "global-variable-names": {
        "bold":         true,
        "foreground":  "#003366"
      },
      "local-variable-names": {
        "foreground":  "#003366",
        "italic":       true
      },
      "subprogram-names": {
        "foreground":  "#800000"
      },
      "type-names": {
        "underline":    true
      }
    },
    "language-c#": {
      "class-names": {
        "underline":    true
      },
      "enumerator-names": {
        "foreground":  "#0080ff"
      },
      "method-names": {
        "foreground":  "#800000"
      },
      "type-names": {
        "underline":    true
      }
    },
    "language-c++": {
      "class-names": {
        "underline":    true
      },
      "enumerator-names": {
        "foreground":  "#0080ff"
      },
      "function-names": {
        "foreground":  "#800000"
      },
      "global-variable-names": {
        "bold":         true,
        "foreground":  "#003366"
      },
      "local-variable-names": {
        "foreground":  "#003366"
      },
      "macro-names": {
        "bold":         true,
        "foreground":  "#800080"
      },
      "member-function-names": {
        "foreground":  "#800000",
        "italic":       true
      },
      "member-variable-names": {
        "foreground":  "#003366",
        "italic":       true
      },
      "parameter-names": {
        "foreground":  "#004d66"
      },
      "type-names": {
        "underline":    true
      },
      "virtual-function-names": {
        "bold":         true,
        "foreground":  "#800000",
        "italic":       true
      }
    },
    "language-fortran": {
      "subprogram-names": {
        "foreground":  "#800000"
      },
      "type-names": {
        "underline":    true
      }
    },
    "language-java": {
      "class-names": {
        "underline":    true
      },
      "interface-names": {
        "underline":    true
      },
      "method-names": {
        "foreground":  "#800000"
      }
    },
    "language-jovial": {
      "subroutine-names": {
        "foreground":  "#800000"
      },
      "type-names": {
        "underline":    true
      }
    },
    "language-pascal": {
      "routine-names": {
        "foreground":  "#800000"
      },
      "type-names": {
        "underline":    true
      }
    },
    "language-python": {
      "class-names": {
        "underline":    true
      },
      "function-names": {
        "foreground":  "#800000"
      }
    },
    "language-vhdl": {
      "process-names": {
        "foreground":  "#800000"
      },
      "subprogram-names": {
        "foreground":  "#800000"
      },
      "type-names": {
        "underline":    true
      }
    },
    "number": {
      "foreground":    "#008080"
    },
    "operator": {
      "bold":           true
    },
    "preprocessor": {
      "bold":           true,
      "foreground":    "#008000"
    },
    "ref": {
      "background":    "#00ff00"
    },
    "selection": {
      "background":    "#ccccff",
      "eol-filled":     true
    },
    "single-quoted-string": {
      "foreground":    "#800080"
    },
    "style-defualt": {
      "background":    "#ffffff",
      "foreground":    "#000000"
    },
    "style-linenumber": {
      "background":    "#a0a0a0"
    },
    "style-bracelight": {
      "background":    "#00ff00",
      "bold":           true
    },
    "style-bracebad": {
      "background":    "#ff0000",
      "bold":           true
    },
    "unclosed-double-quoted-string": {
      "background":    "#e0c0e0",
      "eol-filled":     true
    },
    "unclosed-single-quoted-string": {
      "background":    "#e0c0e0",
      "eol-filled":     true
    },
    "whitespace": {
      "foreground":    "#808080"
    }
  },
  "other": {
    "play-button":     "#89D185",
    "shadow":          "#000000",
    "status-text":     "#c383cf"
  }
}
